<?xml version="1.0" encoding="UTF-8"?>
<project xmlns="http://www.netbeans.org/ns/project/1">
    <type>org.netbeans.modules.ant.freeform</type>
    <configuration>
        <general-data xmlns="http://www.netbeans.org/ns/freeform-project/1">
            <name>JOAL</name>
        </general-data>
        <general-data xmlns="http://www.netbeans.org/ns/freeform-project/2">
            <!-- Do not use Project Properties customizer when editing this file manually. -->
            <name>JOAL</name>
            <properties>
                <property name="ant.script">make/build.xml</property>
            </properties>
            <folders>
                <source-folder>
                    <label>JOGL</label>
                    <location>.</location>
                    <encoding>UTF-8</encoding>
                </source-folder>
                <source-folder>
                    <label>src/java</label>
                    <type>java</type>
                    <location>src/java</location>
                    <encoding>UTF-8</encoding>
                </source-folder>
                <source-folder>
                    <label>src/test</label>
                    <type>java</type>
                    <location>src/test</location>
                    <encoding>UTF-8</encoding>
                </source-folder>
                <source-folder>
                    <label>build/gensrc/classes</label>
                    <type>java</type>
                    <location>build/gensrc/classes</location>
                    <encoding>UTF-8</encoding>
                </source-folder>
            </folders>
            <ide-actions>
                <action name="build">
                    <script>${ant.script}</script>
                    <target>all</target>
                </action>
                <action name="clean">
                    <script>${ant.script}</script>
                    <target>clean</target>
                </action>
                <action name="javadoc">
                    <script>${ant.script}</script>
                    <target>javadoc</target>
                </action>
                <action name="rebuild">
                    <script>${ant.script}</script>
                    <target>clean</target>
                    <target>all</target>
                </action>
                <action name="test">
                    <script>${ant.script}</script>
                    <target>test</target>
                </action>
                <action name="run.single">
                    <script>nbproject/ide-file-targets.xml</script>
                    <target>run-selected-file-in-src</target>
                    <context>
                        <property>run.class</property>
                        <folder>test/src</folder>
                        <pattern>\.java$</pattern>
                        <format>java-name</format>
                        <arity>
                            <one-file-only/>
                        </arity>
                    </context>
                </action>
                <action name="compile.single">
                    <script>nbproject/ide-file-targets.xml</script>
                    <target>compile-selected-files-in-src</target>
                    <context>
                        <property>files</property>
                        <folder>test/src</folder>
                        <pattern>\.java$</pattern>
                        <format>relative-path</format>
                        <arity>
                            <separated-files>,</separated-files>
                        </arity>
                    </context>
                </action>
            </ide-actions>
            <view>
                <items>
                    <source-folder style="packages">
                        <label>src/java</label>
                        <location>src/java</location>
                    </source-folder>
                    <source-folder style="packages">
                        <label>src/test</label>
                        <location>src/test</location>
                    </source-folder>
                    <source-folder style="packages">
                        <label>build/gensrc/classes</label>
                        <location>build/gensrc/classes</location>
                    </source-folder>
                    <source-file>
                        <location>${ant.script}</location>
                    </source-file>
                </items>
                <context-menu>
                    <ide-action name="build"/>
                    <ide-action name="rebuild"/>
                    <ide-action name="clean"/>
                    <ide-action name="javadoc"/>
                    <ide-action name="test"/>
                </context-menu>
            </view>
            <subprojects/>
        </general-data>
        <java-data xmlns="http://www.netbeans.org/ns/freeform-project-java/2">
            <compilation-unit>
                <package-root>src/java</package-root>
                <classpath mode="compile">../gluegen/build/gluegen-rt.jar:build/classes</classpath>
                <source-level>1.5</source-level>
            </compilation-unit>
            <compilation-unit>
                <package-root>src/test</package-root>
                <unit-tests/>
                <classpath mode="compile">build/classes</classpath>
                <source-level>1.5</source-level>
            </compilation-unit>
            <compilation-unit>
                <package-root>build/gensrc/classes</package-root>
                <source-level>1.5</source-level>
            </compilation-unit>
        </java-data>
    </configuration>
</project>
